{"groups":{"47453":{"games":{},"nicks":{"a":{"pass":"49d22b5c66e2e8a94391673bfefa2acda82c8e278532d87f0c8fb69630c5c8dd","num_games":8},"s":{"pass":"473ecfe4474990d9aee9256673189c362364bda45763382b5bbd9e40ba564b1f","num_games":4},"f":{"pass":"cf693ff6154f7c02efa153ef70283aaa9a26c359df0afd7f6221fb5e084153d9","num_games":5}}}},"ranking":{"44":{"47453f":{"group":47453,"nick":"f","num_win":1}},"76":{"47453s":{"group":47453,"nick":"s","num_win":3},"47453a":{"group":47453,"nick":"a","num_win":1},"47453f":{"group":47453,"nick":"f","num_win":1}}}}